{
  "train_mae": 10.355563462955349,
  "train_rmse": 13.164323423650787,
  "train_r2": 0.775622342620419,
  "test_mae": 10.327023081363965,
  "test_rmse": 13.071511358857364,
  "test_r2": 0.7449884236428816
}