{
  "train_rmse": 13.164222024283797,
  "train_r2": 0.7756257991846599,
  "test_rmse": 13.0697429713333,
  "test_r2": 0.7450574177742546,
  "test_mae": 10.326571797793603
}