{
  "train_rmse": 13.164200739057646,
  "train_r2": 0.7756265247652127,
  "test_rmse": 13.06977874028162,
  "test_r2": 0.7450560223312767,
  "test_mae": 10.32661898983901
}